Category,Category.Modeling,Priority,Text,TrueFalse,Explanation,,
Feeling,Feeling,A,I feel intimidated,0,Assessing motive on the part of the other person,,
Feeling,Feeling,A,I feel misunderstood,0,Assessing other people's ability to understand,,
Feeling,Feeling,A,I feel manipulated,0,Assessing other person's motive,,
Feeling,Feeling,A,I feel used,0,Assessing other person's motive,,
Feeling,Feeling,A,I feel judged,0,Assessing other person's motive,,
Feeling,Feeling,A,I feel  ignored,0,Assessing other person's motive,,
Feeling,Feeling,A,I feel rejected,0,Assessing other person's motive,,
Feeling,Feeling,A,I feel betrayed,0,Assessing other person's motive,,
Feeling,Feeling,C,Because I think you are not listening,0,Because I said so…,,
Feeling,Feeling,B,I feel as I do because you,0,Assessing blame,,
Feeling,Feeling,A,You make me feel,0,No one has power to make you feel anything,,
Feeling,Feeling,A,It really hurts me when you don't clean your room,0,Manipulative; No one has power to make you feel anything,,
Feeling,Feeling,A,You make me angry when you say that,0,No one has power to make you feel anything,,
Feeling,Feeling,A,I feel that it isn't right to play music so load at night,0,Following the word feel with the word that expresses an opinion,,
Feeling,Feeling,C,"I feel when people do something like that, it's a personality disturbance",0,Opinion,,
Feeling,Feeling,A,I feel like I'm married to a wall,0,Not a feeling - more likely to be heard as criticism,,
Feeling,Feeling,A,I feel I didn't get a fair deal,0,"Not a feeling - the word ""feel"" could be replaced with the word ""think""",,
Feeling,Feeling,A,I feel that you should know better,0,"Not a feeling - when the word ""feel"" is followed by the word ""that"", it is generally not a feeling",,
Feeling,Feeling,A,I feel like a failure,0,"Not a feeling - when the word ""feel"" is followed by the word ""like"", it is generally not a feeling",,
Feeling,Feeling,C,I feel as if I'm living with a wall,0,"Not a feeling - when the word ""feel"" is followed by the word ""as"", it is generally not a feeling",,
Feeling,Feeling,A,I feel I am constantly on call,0,"When the word ""feel"" is followed by (I, you, he, she, they, it), it is generally not a feeling",,
Feeling,Feeling,A,I feel it is useless,0,"Not a feeling - when the word ""feel"" is followed by (I, you, he, she, they, it), it is generally not a feeling",,
Feeling,Feeling,A,I feel Amy has been pretty responsible,0,"Not a feeling - when the word ""feel"" is followed by names or nouns referring to people, it is generally not a feeling",,
Feeling,Feeling,A,I feel my boss is being manipulative,0,"Not a feeling - when the word ""feel"" is followed by names or nouns referring to people, it is generally not a feeling",,
Feeling,Feeling,A,I feel inadequate as a guitar player,0,Assesses my ability rather than expressing a feeling,,
Feeling,Feeling,A,I feel unimportant to the people with whom I work,0,Unimportant describes how I think others are evaluating me rather than a feeling,,
Feeling,Feeling,A,I feel misunderstood,0,Misunderstood indicates my assessment of another's level of understanding rather than a feeling,,
Feeling,Feeling,A,I feel ignored,0,"Expresses our interpretation of another's actions;  we may feel hurt, but maybe we want to be left alone and we feel relief!",,
Feeling,Feeling,A,I feel abandoned,0,"Expresses our interpretation of another's actions;  feeling  may be hurt, lonely, or afraid",,
Feeling,Feeling,,I feel abused,0,"Expresses how we interpret others, rather than how we feel; feeling could be ",,
Feeling,Feeling,,I feel attacked,0,"Expresses how we interpret others, rather than how we feel",,
Feeling,Feeling,,I feel betrayed,0,"Expresses how we interpret others, rather than how we feel",,
Feeling,Feeling,,I feel boxed-in,0,"Expresses how we interpret others, rather than how we feel",,
Feeling,Feeling,,I feel bullied,0,"Expresses how we interpret others, rather than how we feel",,
Feeling,Feeling,,I feel cheated,0,"Expresses how we interpret others, rather than how we feel",,
Feeling,Feeling,,I feel coerced,0,"Expresses how we interpret others, rather than how we feel",,
Feeling,Feeling,,I feel co-opted,0,"Expresses how we interpret others, rather than how we feel",,
Feeling,Feeling,,I feel cornered,0,"Expresses how we interpret others, rather than how we feel",,
Feeling,Feeling,,I feel diminished,0,"Expresses how we interpret others, rather than how we feel",,
Feeling,Feeling,,I feel distrusted,0,"Expresses how we interpret others, rather than how we feel",,
Feeling,Feeling,,I feel interrupted,0,"Expresses how we interpret others, rather than how we feel",,
Feeling,Feeling,,I feel intimidated,0,"Expresses how we interpret others, rather than how we feel",,
Feeling,Feeling,,I feel let down,0,"Expresses how we interpret others, rather than how we feel",,
Feeling,Feeling,,I feel manipulated,0,"Expresses how we interpret others, rather than how we feel",,
Feeling,Feeling,C,I feel misunderstood,0,"Expresses how we interpret others, rather than how we feel",,
Feeling,Feeling,,I feel neglected,0,"Expresses how we interpret others, rather than how we feel",,
Feeling,Feeling,,I feel overworked,0,"Expresses how we interpret others, rather than how we feel",,
Feeling,Feeling,,I feel patronized,0,"Expresses how we interpret others, rather than how we feel",,
Feeling,Feeling,,I feel pressured,0,"Expresses how we interpret others, rather than how we feel",,
Feeling,Feeling,,I feel provoked,0,"Expresses how we interpret others, rather than how we feel",,
Feeling,Feeling,,I feel put down,0,"Expresses how we interpret others, rather than how we feel",,
Feeling,Feeling,C,I feel rejected,0,"Expresses how we interpret others, rather than how we feel",,
Feeling,Feeling,,I feel taken for granted,0,"Expresses how we interpret others, rather than how we feel",,
Feeling,Feeling,,I feel threatened,0,"Expresses how we interpret others, rather than how we feel",,
Feeling,Feeling,,I feel unappreciated,0,"Expresses how we interpret others, rather than how we feel",,
Feeling,Feeling,,I feel unheard,0,"Expresses how we interpret others, rather than how we feel",,
Feeling,Feeling,,I feel unseen,0,"Expresses how we interpret others, rather than how we feel",,
Feeling,Feeling,,I feel unsupported,0,"Expresses how we interpret others, rather than how we feel",,
Feeling,Feeling,,I feel unwanted,0,"Expresses how we interpret others, rather than how we feel",,
Feeling,Feeling,,I feel used,0,"Expresses how we interpret others, rather than how we feel",,
Feeling,Feeling,,I feel you don't love me,0,Expresses what the speaker thinks the other person is feeling,,
Feeling,Feeling,,"When you don't greet me, I feel neglected",0,Expresses what the speaker thinks the other person is doing to him or her,,
Feeling,Feeling,,You're disgusting,0,"Expresses what the speaker thinks about the other person, noth the speaker's feeling",,
Feeling,Feeling,,I feel like hitting you,0,"Expresses what the speaker imagines doing, rather than a feeling (ex: furious)",,
Feeling,Feeling,,I feel misunderstood,0,Expresses what the speaker thinks the other person is doing,,
Feeling,Feeling,,I'm worthless,0,Expresses what the speaker thinks about himself or herself rather than a feeling,,
Feeling,Feeling,,When you do this I feel angry,1,Feeling,,
Feeling,Feeling,,"When you are not ready to leave, I feel anxious impatient",1,Feeling,,
Feeling,Feeling,,I feel impatient,1,Feeling,,
Feeling,Feeling,,I feel hurt,1,Feeling,,
Feeling,Feeling,,I feel disappointed,1,Feeling,,
Feeling,Feeling,,I feel disheartened,1,Feeling,,
Feeling,Feeling,,I feel scarred,1,Feeling,,
Feeling,Feeling,,I feel powerless,1,Feeling,,
Feeling,Feeling,,I feel frustrated,1,Feeling,,
Feeling,Feeling,,I am feeling lonely and wanting more emotional contact with my husband,1,Feeling!,,
Feeling,Feeling,,I'm feeling frightened to be bringing up this issue,1,Feeling!,,
Feeling,Feeling,,I am feeling nervous because I want to be accepted,1,Feeling!,,
Feeling,Feeling,,I feel disappointed in myself as a guitar player,1,Feeling!,,
Feeling,Feeling,,I feel impatient with myself as a guitar player,1,Feeling!,,
Feeling,Feeling,,I feel frustrated with myself as a guitar player,1,Feeling!,,
Feeling,Feeling,,I feel good about that,1,Feeling - but too vague or general,,
Feeling,Feeling,,I feel absorbed,1,"When our needs are being met, we may feel this way!",p15,
Feeling,Feeling,,I feel adventurous,1,"When our needs are being met, we may feel this way!",p15,
Feeling,Feeling,,I feel affectionate,1,"When our needs are being met, we may feel this way!",p15,
Feeling,Feeling,,I feel afraid,1,"When our needs are NOT being met, we may feel this way",p16,
Feeling,Feeling,,I feel aggravated,1,"When our needs are NOT being met, we may feel this way",p16,
Feeling,Feeling,,I feel agitated,1,"When our needs are NOT being met, we may feel this way",p16,
Feeling,Feeling,,I feel agony,1,"When our needs are NOT being met, we may feel this way",p16,
Feeling,Feeling,,I feel alarmed,1,"When our needs are NOT being met, we may feel this way",p16,
Feeling,Feeling,,I feel alert,1,"When our needs are being met, we may feel this way!",p16,
Feeling,Feeling,,I feel alienated,1,"When our needs are NOT being met, we may feel this way",p16,
Feeling,Feeling,,I feel alive,1,"When our needs are being met, we may feel this way!",p16,
Feeling,Feeling,,I feel aloof,1,"When our needs are NOT being met, we may feel this way",p19,
Feeling,Feeling,,I feel amazed,1,"When our needs are being met, we may feel this way!",p19,
Feeling,Feeling,,I feel ambivalent,1,"When our needs are NOT being met, we may feel this way",p20,
Feeling,Feeling,,I feel amused,1,"When our needs are being met, we may feel this way!",p20,
Feeling,Feeling,,I feel angry,1,"When our needs are NOT being met, we may feel this way",p20,
Feeling,Feeling,,I feel anguished,1,"When our needs are NOT being met, we may feel this way",p20,
Feeling,Feeling,,I feel animated,1,"When our needs are being met, we may feel this way!",p20,
Feeling,Feeling,,I feel animosity,1,"When our needs are NOT being met, we may feel this way",p20,
Feeling,Feeling,,I feel annoyed,1,"When our needs are NOT being met, we may feel this way",p20,
Feeling,Feeling,,I feel anxious,1,"When our needs are NOT being met, we may feel this way",p20,
Feeling,Feeling,,I feel apathetic,1,"When our needs are NOT being met, we may feel this way",p20,
Feeling,Feeling,,I feel appalled,1,"When our needs are NOT being met, we may feel this way",p21,
Feeling,Feeling,,I feel appreciative,1,"When our needs are being met, we may feel this way!",p21,
Feeling,Feeling,,I feel apprehensive,1,"When our needs are NOT being met, we may feel this way",,
Feeling,Feeling,,I feel ardent,1,"When our needs are being met, we may feel this way!",p15,
Feeling,Feeling,,I feel aroused,1,"When our needs are or are NOT being met, we may feel this way!",p27,
Feeling,Feeling,,I feel ashamed,1,"When our needs are NOT being met, we may feel this way",p27,
Feeling,Feeling,,I feel astonished,1,"When our needs are being met, we may feel this way!",p27,
Feeling,Feeling,,I feel aversion,1,"When our needs are NOT being met, we may feel this way",p27,
Feeling,Feeling,,I feel awed,1,"When our needs are being met, we may feel this way!",p27,
Feeling,Feeling,,I feel baffled,1,"When our needs are NOT being met, we may feel this way",p28,
Feeling,Feeling,,I feel beat,1,"When our needs are NOT being met, we may feel this way",p28,
Feeling,Feeling,,I feel bereaved,1,"When our needs are NOT being met, we may feel this way",p29,
Feeling,Feeling,,I feel bewildered,1,"When our needs are NOT being met, we may feel this way",p29,
Feeling,Feeling,,I feel bitter,1,"When our needs are NOT being met, we may feel this way",p29,
Feeling,Feeling,,I feel blah,1,"When our needs are NOT being met, we may feel this way",p30,
Feeling,Feeling,,I feel blissful,1,"When our needs are being met, we may feel this way!",p30,
Feeling,Feeling,,I feel blue,1,"When our needs are NOT being met, we may feel this way",p30,
Feeling,Feeling,,I feel bored,1,"When our needs are NOT being met, we may feel this way",p30,
Feeling,Feeling,,I feel bouyant,1,"When our needs are being met, we may feel this way!",p30,
Feeling,Feeling,,I feel breathless,1,"When our needs are being met, we may feel this way!",p30,
Feeling,Feeling,,I feel brokenhearted,1,"When our needs are NOT being met, we may feel this way",p30,
Feeling,Feeling,,I feel burnt out,1,"When our needs are NOT being met, we may feel this way",p30,
Feeling,Feeling,,I feel calm,1,"When our needs are being met, we may feel this way!",p30,
Feeling,Feeling,,I feel carefree,1,"When our needs are being met, we may feel this way!",p31,
Feeling,Feeling,,I feel centered,1,"When our needs are being met, we may feel this way!",p31,
Feeling,Feeling,,I feel chagrined,1,"When our needs are NOT being met, we may feel this way",p31,
Feeling,Feeling,,I feel cheerful,1,"When our needs are being met, we may feel this way!",p31,
Feeling,Feeling,,I feel clear headed,1,"When our needs are being met, we may feel this way!",p31,
Feeling,Feeling,,I feel cold,1,"When our needs are NOT being met, we may feel this way",p31,
Feeling,Feeling,,I feel comfortable,1,"When our needs are being met, we may feel this way!",p31,
Feeling,Feeling,,I feel compassionate,1,"When our needs are being met, we may feel this way!",p31,
Feeling,Feeling,,I feel complacent,1,"When our needs are being met, we may feel this way!",p31,
Feeling,Feeling,,I feel compossed,1,"When our needs are being met, we may feel this way!",p31,
Feeling,Feeling,,I feel concerned,1,"When our needs are or are NOT being met, we may feel this way!",p31,
Feeling,Feeling,,I feel confident,1,"When our needs are being met, we may feel this way!",p31,
Feeling,Feeling,,I feel confused,1,"When our needs are NOT being met, we may feel this way",p31,
Feeling,Feeling,,I feel contempt,1,"When our needs are NOT being met, we may feel this way",p34,
Feeling,Feeling,,I feel content,1,"When our needs are being met, we may feel this way!",p34,
Feeling,Feeling,,I feel cool,1,"When our needs are or are NOT being met, we may feel this way!",p34,
Feeling,Feeling,,I feel cross,1,"When our needs are NOT being met, we may feel this way",p34,
Feeling,Feeling,,I feel curious,1,"When our needs are being met, we may feel this way!",p34,
Feeling,Feeling,,I feel dazed,1,"When our needs are NOT being met, we may feel this way",p34,
Feeling,Feeling,,I feel dazzled,1,"When our needs are being met, we may feel this way!",p34,
Feeling,Feeling,,I feel dejected,1,"When our needs are NOT being met, we may feel this way",p34,
Feeling,Feeling,,I feel delighted,1,"When our needs are being met, we may feel this way!",p34,
Feeling,Feeling,,I feel depleted,1,"When our needs are NOT being met, we may feel this way",p34,
Feeling,Feeling,,I feel depressed,1,"When our needs are NOT being met, we may feel this way",p34,
Feeling,Feeling,,I feel despair,1,"When our needs are NOT being met, we may feel this way",p34,
Feeling,Feeling,,I feel despondent,1,"When our needs are NOT being met, we may feel this way",p34,
Feeling,Feeling,,I feel detached,1,"When our needs are NOT being met, we may feel this way",p34,
Feeling,Feeling,,I feel devastated,1,"When our needs are NOT being met, we may feel this way",p34,
Feeling,Feeling,,I feel disaffected,1,"When our needs are NOT being met, we may feel this way",p34,
Feeling,Feeling,,I feel disappointed,1,"When our needs are NOT being met, we may feel this way",p34,
Feeling,Feeling,,I feel discombobulated,1,"When our needs are NOT being met, we may feel this way",,
Feeling,Feeling,,I feel disconcerted,1,"When our needs are NOT being met, we may feel this way",p38,
Feeling,Feeling,,I feel disconnected,1,"When our needs are NOT being met, we may feel this way",p38,
Feeling,Feeling,,I feel discouraged,1,"When our needs are NOT being met, we may feel this way",p39,
Feeling,Feeling,,I feel disenchanted,1,"When our needs are NOT being met, we may feel this way",p39,
Feeling,Feeling,,I feel disgruntled,1,"When our needs are NOT being met, we may feel this way",p39,
Feeling,Feeling,,I feel disgusted,1,"When our needs are NOT being met, we may feel this way",p41,
Feeling,Feeling,,I feel disheartened,1,"When our needs are NOT being met, we may feel this way",p41,
Feeling,Feeling,,I feel dislike,1,"When our needs are NOT being met, we may feel this way",p41,
Feeling,Feeling,,I feel dismayed,1,"When our needs are NOT being met, we may feel this way",p41,
Feeling,Feeling,,I feel displeased,1,"When our needs are NOT being met, we may feel this way",p41,
Feeling,Feeling,,I feel disquieted,1,"When our needs are NOT being met, we may feel this way",p41,
Feeling,Feeling,,I feel distant,1,"When our needs are NOT being met, we may feel this way",p41,
Feeling,Feeling,,I feel distracted,1,"When our needs are NOT being met, we may feel this way",p41,
Feeling,Feeling,,I feel distressed,1,"When our needs are NOT being met, we may feel this way",p41,
Feeling,Feeling,,I feel disturbed,1,"When our needs are NOT being met, we may feel this way",p42,
Feeling,Feeling,,I feel downcast,1,"When our needs are NOT being met, we may feel this way",p42,
Feeling,Feeling,,I feel downhearted,1,"When our needs are NOT being met, we may feel this way",p42,
Feeling,Feeling,,I feel dread,1,"When our needs are NOT being met, we may feel this way",p42,
Feeling,Feeling,,I feel dull,1,"When our needs are NOT being met, we may feel this way",p42,
Feeling,Feeling,,I feel eager,1,"When our needs are being met, we may feel this way!",p42,
Feeling,Feeling,,I feel ebulliant,1,"When our needs are being met, we may feel this way!",p43,bag  of words on p42
Feeling,Feeling,,I feel ecstatic,1,"When our needs are being met, we may feel this way!",p43,
Feeling,Feeling,,I feel edgy,1,"When our needs are NOT being met, we may feel this way",p43,
Feeling,Feeling,,I feel effervescent,1,"When our needs are being met, we may feel this way!",p43,
Feeling,Feeling,,I feel elated,1,"When our needs are being met, we may feel this way!",p43,
Feeling,Feeling,,I feel embarassed,1,"When our needs are NOT being met, we may feel this way",p43,
Feeling,Feeling,,I feel embittered,1,"When our needs are NOT being met, we may feel this way",p43,
Feeling,Feeling,,I feel empowered,1,"When our needs are being met, we may feel this way!",p43,
Feeling,Feeling,,I feel enchanted,1,"When our needs are being met, we may feel this way!",p43,
Feeling,Feeling,,I feel encouraged,1,"When our needs are being met, we may feel this way!",p43,
Feeling,Feeling,,I feel energetic,1,"When our needs are being met, we may feel this way!",p43,
Feeling,Feeling,,I feel engaged,1,"When our needs are being met, we may feel this way!",p43,
Feeling,Feeling,,I feel engrossed,1,"When our needs are being met, we may feel this way!",p43,
Feeling,Feeling,,I feel enlivened,1,"When our needs are being met, we may feel this way!",p43,
Feeling,Feeling,,I feel enraged,1,"When our needs are NOT being met, we may feel this way",p43,
Feeling,Feeling,,I feel enthralled,1,"When our needs are being met, we may feel this way!",p43,
Feeling,Feeling,,I feel enthusiastic,1,"When our needs are being met, we may feel this way!",p43,
Feeling,Feeling,,I feel entranced,1,"When our needs are being met, we may feel this way!",p43,
Feeling,Feeling,,I feel equanimous,1,"When our needs are being met, we may feel this way!",p43,
Feeling,Feeling,,I feel exasperated,1,"When our needs are NOT being met, we may feel this way",p43,
Feeling,Feeling,,I feel excited,1,"When our needs are being met, we may feel this way!",p43,
Feeling,Feeling,,I feel exhausted,1,"When our needs are NOT being met, we may feel this way",p43,
Feeling,Feeling,,I feel exhilarated,1,"When our needs are being met, we may feel this way!",p43,
Feeling,Feeling,,I feel expectant,1,"When our needs are being met, we may feel this way!",p43,
Feeling,Feeling,,I feel exuberant,1,"When our needs are being met, we may feel this way!",p43,
Feeling,Feeling,,I feel exultant,1,"When our needs are being met, we may feel this way!",p43,
Feeling,Feeling,,I feel fascinated,1,"When our needs are being met, we may feel this way!",p43,
Feeling,Feeling,,I feel fatigued,1,"When our needs are NOT being met, we may feel this way",p43,
Feeling,Feeling,,I feel fearful,1,"When our needs are NOT being met, we may feel this way",p43,
Feeling,Feeling,,I feel fidgety,1,"When our needs are NOT being met, we may feel this way",p43,
Feeling,Feeling,,I feel flustered,1,"When our needs are NOT being met, we may feel this way",p43,
Feeling,Feeling,,I feel foreboding,1,"When our needs are NOT being met, we may feel this way",p43,
Feeling,Feeling,,I feel forlorn,1,"When our needs are NOT being met, we may feel this way",p43,
Feeling,Feeling,,I feel free,1,"When our needs are being met, we may feel this way!",p44,
Feeling,Feeling,,I feel friendly,1,"When our needs are being met, we may feel this way!",p44,
Feeling,Feeling,,I feel frightened,1,"When our needs are NOT being met, we may feel this way",p44,
Feeling,Feeling,,I feel frustrated,1,"When our needs are NOT being met, we may feel this way",p44,
Feeling,Feeling,,I feel fulfilled,1,"When our needs are being met, we may feel this way!",p45,
Feeling,Feeling,,I feel furious,1,"When our needs are NOT being met, we may feel this way",p45,
Feeling,Feeling,,I feel giddy,1,"When our needs are being met, we may feel this way!",p45,
Feeling,Feeling,,I feel glad,1,"When our needs are being met, we may feel this way!",p45,
Feeling,Feeling,,I feel gleeful,1,"When our needs are being met, we may feel this way!",p45,
Feeling,Feeling,,I feel gloomy,1,"When our needs are NOT being met, we may feel this way",p44,
Feeling,Feeling,,I feel glorious,1,"When our needs are being met, we may feel this way!",p45,
Feeling,Feeling,,I feel glowing,1,"When our needs are being met, we may feel this way!",p44,
Feeling,Feeling,,I feel good-humored,1,"When our needs are being met, we may feel this way!",p45,
Feeling,Feeling,,I feel grateful,1,"When our needs are being met, we may feel this way!",p44,
Feeling,Feeling,,I feel gratified,1,"When our needs are being met, we may feel this way!",p45,
Feeling,Feeling,,I feel grief,1,"When our needs are NOT being met, we may feel this way",p44,
Feeling,Feeling,,I feel guilty,1,"When our needs are NOT being met, we may feel this way",p45,
Feeling,Feeling,,I feel happy,1,"When our needs are being met, we may feel this way!",p45,
Feeling,Feeling,,I feel harried,1,"When our needs are NOT being met, we may feel this way",p44,
Feeling,Feeling,,I feel hate,1,"When our needs are NOT being met, we may feel this way",p45,
Feeling,Feeling,,I feel heartbroken,1,"When our needs are NOT being met, we may feel this way",p45,
Feeling,Feeling,,I feel heavy hearted,1,"When our needs are NOT being met, we may feel this way",p45,
Feeling,Feeling,,I feel helpful,1,"When our needs are being met, we may feel this way!",p45,
Feeling,Feeling,,I feel helpless,1,"When our needs are NOT being met, we may feel this way",p45,
Feeling,Feeling,,I feel hesitant,1,"When our needs are NOT being met, we may feel this way",p44,
Feeling,Feeling,,I feel hopeful,1,"When our needs are being met, we may feel this way!",p45,
Feeling,Feeling,,I feel hopeless,1,"When our needs are NOT being met, we may feel this way",p44,
Feeling,Feeling,,I feel horrible,1,"When our needs are NOT being met, we may feel this way",p44,
Feeling,Feeling,,I feel horrified,1,"When our needs are NOT being met, we may feel this way",p45,
Feeling,Feeling,,I feel hostile,1,"When our needs are NOT being met, we may feel this way",p44,
Feeling,Feeling,,I feel hot,1,"When our needs are NOT being met, we may feel this way",p45,
Feeling,Feeling,,I feel hurt,1,"When our needs are NOT being met, we may feel this way",p44,
Feeling,Feeling,,I feel impatient,1,"When our needs are NOT being met, we may feel this way",p45,
Feeling,Feeling,,I feel impatient,1,"When our needs are NOT being met, we may feel this way",p45,
Feeling,Feeling,,I feel incensed,1,"When our needs are NOT being met, we may feel this way",p45,
Feeling,Feeling,,I feel indifferent,1,"When our needs are NOT being met, we may feel this way",p45,
Feeling,Feeling,,I feel indignant,1,"When our needs are NOT being met, we may feel this way",p45,
Feeling,Feeling,,I feel inquisitive,1,"When our needs are being met, we may feel this way!",p45,
Feeling,Feeling,,I feel inspired,1,"When our needs are being met, we may feel this way!",p44,
Feeling,Feeling,,I feel intense,1,"When our needs are being met, we may feel this way!",p45,
Feeling,Feeling,,I feel intense,1,"When our needs are NOT being met, we may feel this way",p45,
Feeling,Feeling,,I feel interested,1,"When our needs are being met, we may feel this way!",p44,
Feeling,Feeling,,I feel intrigued,1,"When our needs are being met, we may feel this way!",p44,
Feeling,Feeling,,I feel invigorated,1,"When our needs are being met, we may feel this way!",p45,
Feeling,Feeling,,I feel involved,1,"When our needs are being met, we may feel this way!",p45,
Feeling,Feeling,,I feel irate,1,"When our needs are NOT being met, we may feel this way",p44,
Feeling,Feeling,,I feel irked,1,"When our needs are NOT being met, we may feel this way",p44,
Feeling,Feeling,,I feel irritated,1,"When our needs are NOT being met, we may feel this way",p44,
Feeling,Feeling,,I feel jealous,1,"When our needs are NOT being met, we may feel this way",p45,
Feeling,Feeling,,I feel jittery,1,"When our needs are NOT being met, we may feel this way",p44,
Feeling,Feeling,,I feel joyful,1,"When our needs are being met, we may feel this way!",p44,
Feeling,Feeling,,I feel joyous,1,"When our needs are being met, we may feel this way!",p45,
Feeling,Feeling,,I feel jubilant,1,"When our needs are being met, we may feel this way!",p44,
Feeling,Feeling,,I feel keyed-up,1,"When our needs are being met, we may feel this way!",p44,
Feeling,Feeling,,I feel lazy,1,"When our needs are NOT being met, we may feel this way",p44,
Feeling,Feeling,,I feel leery,1,"When our needs are NOT being met, we may feel this way",p44,
Feeling,Feeling,,I feel lethargic,1,"When our needs are NOT being met, we may feel this way",p44,
Feeling,Feeling,,I feel listless,1,"When our needs are NOT being met, we may feel this way",p44,
Feeling,Feeling,,I feel lively,1,"When our needs are being met, we may feel this way!",p45,
Feeling,Feeling,,I feel livid,1,"When our needs are NOT being met, we may feel this way",p45,
Feeling,Feeling,,I feel lonely,1,"When our needs are NOT being met, we may feel this way",p44,
Feeling,Feeling,,I feel lost,1,"When our needs are NOT being met, we may feel this way",p44,
Feeling,Feeling,,I feel loving,1,"When our needs are being met, we may feel this way!",p45,
Feeling,Feeling,,I feel mad,1,"When our needs are NOT being met, we may feel this way",p44,
Feeling,Feeling,,I feel mean,1,"When our needs are NOT being met, we may feel this way",p45,
Feeling,Feeling,,I feel melancholy,1,"When our needs are NOT being met, we may feel this way",p44,
Feeling,Feeling,,I feel mellow,1,"When our needs are being met, we may feel this way!",p45,
Feeling,Feeling,,I feel merry,1,"When our needs are being met, we may feel this way!",p44,
Feeling,Feeling,,I feel mirthful,1,"When our needs are being met, we may feel this way!",p45,
Feeling,Feeling,,I feel miserable,1,"When our needs are NOT being met, we may feel this way",p45,
Feeling,Feeling,,I feel mistrustful,1,"When our needs are NOT being met, we may feel this way",p45,
Feeling,Feeling,,I feel mopey,1,"When our needs are NOT being met, we may feel this way",p45,
Feeling,Feeling,,I feel morose,1,"When our needs are NOT being met, we may feel this way",p45,
Feeling,Feeling,,I feel mortified,1,"When our needs are NOT being met, we may feel this way",p45,
Feeling,Feeling,,I feel mournful,1,"When our needs are NOT being met, we may feel this way",p45,
Feeling,Feeling,,I feel moved,1,"When our needs are being met, we may feel this way!",p45,
Feeling,Feeling,,I feel mystified,1,"When our needs are NOT being met, we may feel this way",p45,
Feeling,Feeling,,I feel nervous,1,"When our needs are NOT being met, we may feel this way",p45,
Feeling,Feeling,,I feel nettled,1,"When our needs are NOT being met, we may feel this way",p45,
Feeling,Feeling,,I feel numb,1,"When our needs are NOT being met, we may feel this way",p45,
Feeling,Feeling,,I feel open,1,"When our needs are being met, we may feel this way!",p45,
Feeling,Feeling,,I feel open hearted,1,"When our needs are being met, we may feel this way!",p45,
Feeling,Feeling,,I feel optimistic,1,"When our needs are being met, we may feel this way!",p45,
Feeling,Feeling,,I feel outraged,1,"When our needs are NOT being met, we may feel this way",p45,
Feeling,Feeling,,I feel overjoyed,1,"When our needs are being met, we may feel this way!",p45,
Feeling,Feeling,,I feel overwhelmed,1,"When our needs are or are NOT being met, we may feel this way!",p45,
Feeling,Feeling,,I feel panicked,1,"When our needs are NOT being met, we may feel this way",p45,
Feeling,Feeling,,I feel passionate,1,"When our needs are being met, we may feel this way!",p45,
Feeling,Feeling,,I feel passive,1,"When our needs are NOT being met, we may feel this way",p45,
Feeling,Feeling,,I feel peaceful,1,"When our needs are being met, we may feel this way!",p45,
Feeling,Feeling,,I feel perky,1,"When our needs are being met, we may feel this way!",p45,
Feeling,Feeling,,I feel perplexed,1,"When our needs are NOT being met, we may feel this way",p45,
Feeling,Feeling,,I feel perturbed,1,"When our needs are NOT being met, we may feel this way",p45,
Feeling,Feeling,,I feel pessimistic,1,"When our needs are NOT being met, we may feel this way",p45,
Feeling,Feeling,,I feel petrified,1,"When our needs are NOT being met, we may feel this way",p45,
Feeling,Feeling,,I feel pleasant,1,"When our needs are being met, we may feel this way!",p45,
Feeling,Feeling,,I feel pleased,1,"When our needs are being met, we may feel this way!",p44,
Feeling,Feeling,,I feel proud,1,"When our needs are being met, we may feel this way!",p44,
Feeling,Feeling,,I feel puzzled,1,"When our needs are NOT being met, we may feel this way",p44,
Feeling,Feeling,,I feel quiet,1,"When our needs are being met, we may feel this way!",p45,
Feeling,Feeling,,I feel radiant,1,"When our needs are being met, we may feel this way!",p44,
Feeling,Feeling,,I feel rancorous,1,"When our needs are NOT being met, we may feel this way",p44,
Feeling,Feeling,,I feel rapturous,1,"When our needs are being met, we may feel this way!",p45,
Feeling,Feeling,,I feel rattled,1,"When our needs are NOT being met, we may feel this way",p45,
Feeling,Feeling,,I feel refreshed,1,"When our needs are being met, we may feel this way!",p44,
Feeling,Feeling,,I feel regretful,1,"When our needs are NOT being met, we may feel this way",p44,
Feeling,Feeling,,I feel rejuvenated,1,"When our needs are being met, we may feel this way!",p44,
Feeling,Feeling,,I feel relaxed,1,"When our needs are being met, we may feel this way!",p44,
Feeling,Feeling,,I feel relieved,1,"When our needs are being met, we may feel this way!",p44,
Feeling,Feeling,,I feel reluctant,1,"When our needs are NOT being met, we may feel this way",p44,
Feeling,Feeling,,I feel remorseful,1,"When our needs are NOT being met, we may feel this way",p44,
Feeling,Feeling,,I feel removed,1,"When our needs are NOT being met, we may feel this way",p45,
Feeling,Feeling,,I feel renewed,1,"When our needs are being met, we may feel this way!",p44,
Feeling,Feeling,,I feel repelled,1,"When our needs are NOT being met, we may feel this way",p44,
Feeling,Feeling,,I feel repulsed,1,"When our needs are NOT being met, we may feel this way",p44,
Feeling,Feeling,,I feel resentful,1,"When our needs are NOT being met, we may feel this way",p44,
Feeling,Feeling,,I feel rested,1,"When our needs are being met, we may feel this way!",p45,
Feeling,Feeling,,I feel restless,1,"When our needs are NOT being met, we may feel this way",p44,
Feeling,Feeling,,I feel restored,1,"When our needs are being met, we may feel this way!",p45,
Feeling,Feeling,,I feel revived,1,"When our needs are being met, we may feel this way!",p44,
Feeling,Feeling,,I feel sad,1,"When our needs are NOT being met, we may feel this way",p44,
Feeling,Feeling,,I feel safe,1,"When our needs are being met, we may feel this way!",p44,
Feeling,Feeling,,I feel satisfied,1,"When our needs are being met, we may feel this way!",p44,
Feeling,Feeling,,I feel scared,1,"When our needs are NOT being met, we may feel this way",p44,
Feeling,Feeling,,I feel secure,1,"When our needs are being met, we may feel this way!",p45,
Feeling,Feeling,,I feel self?conscious,1,"When our needs are NOT being met, we may feel this way",p45,
Feeling,Feeling,,I feel sensitive,1,"When our needs are being met, we may feel this way!",p45,
Feeling,Feeling,,I feel sensitive,1,"When our needs are NOT being met, we may feel this way",p45,
Feeling,Feeling,,I feel serene,1,"When our needs are being met, we may feel this way!",p45,
Feeling,Feeling,,I feel shaky,1,"When our needs are NOT being met, we may feel this way",p45,
Feeling,Feeling,,I feel shocked,1,"When our needs are NOT being met, we may feel this way",p44,
Feeling,Feeling,,I feel skeptical,1,"When our needs are NOT being met, we may feel this way",p44,
Feeling,Feeling,,I feel sleepy,1,"When our needs are NOT being met, we may feel this way",p45,
Feeling,Feeling,,I feel sorrowful,1,"When our needs are NOT being met, we may feel this way",p45,
Feeling,Feeling,,I feel sorry,1,"When our needs are NOT being met, we may feel this way",p44,
Feeling,Feeling,,I feel spellbound,1,"When our needs are being met, we may feel this way!",p45,
Feeling,Feeling,,I feel spiritless,1,"When our needs are NOT being met, we may feel this way",p44,
Feeling,Feeling,,I feel splendid,1,"When our needs are being met, we may feel this way!",p44,
Feeling,Feeling,,I feel startled,1,"When our needs are NOT being met, we may feel this way",p44,
Feeling,Feeling,,I feel still,1,"When our needs are being met, we may feel this way!",p45,
Feeling,Feeling,,I feel stimulated,1,"When our needs are being met, we may feel this way!",p44,
Feeling,Feeling,,I feel surprised,1,"When our needs are being met, we may feel this way!",p44,
Feeling,Feeling,,I feel surprised,1,"When our needs are NOT being met, we may feel this way",p44,
Feeling,Feeling,,I feel suspicious,1,"When our needs are NOT being met, we may feel this way",p44,
Feeling,Feeling,,I feel sympathetic,1,"When our needs are being met, we may feel this way!",p44,
Feeling,Feeling,,I feel tender,1,"When our needs are being met, we may feel this way!",p45,
Feeling,Feeling,,I feel tepid,1,"When our needs are NOT being met, we may feel this way",p45,
Feeling,Feeling,,I feel terrified,1,"When our needs are NOT being met, we may feel this way",p44,
Feeling,Feeling,,I feel thankful,1,"When our needs are being met, we may feel this way!",p45,
Feeling,Feeling,,I feel thrilled,1,"When our needs are being met, we may feel this way!",p45,
Feeling,Feeling,,I feel tickled,1,"When our needs are being met, we may feel this way!",p45,
Feeling,Feeling,,I feel tired,1,"When our needs are NOT being met, we may feel this way",p45,
Feeling,Feeling,,I feel torn,1,"When our needs are NOT being met, we may feel this way",p44,
Feeling,Feeling,,I feel touched,1,"When our needs are being met, we may feel this way!",p45,
Feeling,Feeling,,I feel tranquil,1,"When our needs are being met, we may feel this way!",p45,
Feeling,Feeling,,I feel troubled,1,"When our needs are NOT being met, we may feel this way",p44,
Feeling,Feeling,,I feel trusting,1,"When our needs are being met, we may feel this way!",p45,
Feeling,Feeling,,I feel turbulent,1,"When our needs are NOT being met, we may feel this way",p45,
Feeling,Feeling,,I feel turmoil,1,"When our needs are NOT being met, we may feel this way",p45,
Feeling,Feeling,,I feel uncomfortable,1,"When our needs are NOT being met, we may feel this way",p45,
Feeling,Feeling,,I feel unconcerned,1,"When our needs are NOT being met, we may feel this way",p45,
Feeling,Feeling,,I feel uneasy,1,"When our needs are NOT being met, we may feel this way",p45,
Feeling,Feeling,,I feel unglued,1,"When our needs are NOT being met, we may feel this way",p45,
Feeling,Feeling,,I feel unhappy,1,"When our needs are NOT being met, we may feel this way",p45,
Feeling,Feeling,,I feel uninterested,1,"When our needs are NOT being met, we may feel this way",p45,
Feeling,Feeling,,I feel unnerved,1,"When our needs are NOT being met, we may feel this way",p45,
Feeling,Feeling,,I feel unsettled,1,"When our needs are NOT being met, we may feel this way",p45,
Feeling,Feeling,,I feel unsteady,1,"When our needs are NOT being met, we may feel this way",p44,
Feeling,Feeling,,I feel upbeat,1,"When our needs are being met, we may feel this way!",p44,
Feeling,Feeling,,I feel upset,1,"When our needs are NOT being met, we may feel this way",p44,
Feeling,Feeling,,I feel uptight,1,"When our needs are NOT being met, we may feel this way",p45,
Feeling,Feeling,,I feel vexed,1,"When our needs are NOT being met, we may feel this way",p44,
Feeling,Feeling,,I feel vibrant,1,"When our needs are being met, we may feel this way!",p44,
Feeling,Feeling,,I feel warm,1,"When our needs are being met, we may feel this way!",p44,
Feeling,Feeling,,I feel wary,1,"When our needs are NOT being met, we may feel this way",p44,
Feeling,Feeling,,I feel weary,1,"When our needs are NOT being met, we may feel this way",p45,
Feeling,Feeling,,I feel wide-awake,1,"When our needs are being met, we may feel this way!",p45,
Feeling,Feeling,,I feel wistful,1,"When our needs are NOT being met, we may feel this way",p45,
Feeling,Feeling,,I feel withdrawn,1,"When our needs are NOT being met, we may feel this way",p45,
Feeling,Feeling,,I feel woeful,1,"When our needs are NOT being met, we may feel this way",p45,
Feeling,Feeling,,I feel wonder,1,"When our needs are being met, we may feel this way!",p44,
Feeling,Feeling,,I feel wonderful,1,"When our needs are being met, we may feel this way!",p44,
Feeling,Feeling,,I feel worn out,1,"When our needs are NOT being met, we may feel this way",p44,
Feeling,Feeling,,I feel worried,1,"When our needs are NOT being met, we may feel this way",p44,
Feeling,Feeling,,I feel wretched,1,"When our needs are NOT being met, we may feel this way",p45,
Feeling,Feeling,,I feel zestful,1,"When our needs are being met, we may feel this way!",p45,
Feeling,Feeling,,I'm sad that you're leaving,1,Feeling!,p45,
Feeling,Feeling,,I feel scared when you say that,1,Feeling!,p45,
Feeling,Feeling,,I'm happy that you can come,1,Feeling!,p44,
Feeling,Feeling,,I feel good about what you did for me,1,Feeling - but too vague or general,p45,
General,General,,say your sorry,0,Maybe the person isn't sorry and has a good reason,p45,
General,General,,you're not really sorry I can tell,0,How can someone know what another is thinking/feeling?,p45,
General,General,,idiot!,0,Label,p45,
General,General,,psychopath!,0,Label,p45,
General,General,,I had to,0,There's always a choice,p44,
General,General,,There are some things you have to do,0,There's always a choice,p45,
General,General,,I have to go home and cook,0,There's always a choice,p45,
General,General,,That hurts me when you say that,0,No one has that kind of power; the words trigger your own response,p45,
General,General,,The problem with you is that you're too selfish,0,Implies wrongness or badness,p45,
General,General,,It's inappropriate,0,Implies wrongness or badness,p44,
General,General,,They're prejudiced,0,Implies wrongness or badness,p44,
General,General,,She is needy and dependent,0,"Implies wrongness or badness; Try ""she wants more attention than I'm giving her""",p44,
General,General,,He is aloof and insensitive,0,"Implies wrongness or badness; try ""he doesn't give me as much attention as I want""",p45,
General,General,,He is picky and compulsive,0,"Implies wrongness or badness; try ""he is more concerned about details than I am""",p44,
General,General,,He is sloppy and disorganized,0,"Implies wrongness or badness; try ""he is less concerned about details than I am""",p44,
General,General,,Violence is bad,0,"Try ""I am fearful of the use of violence to resolve conflicts; I value the resolution of human conflicts through other means",p45,
General,General,,You make me feel guilty,0,Denies responsibility - attributes blame to another,p44,
General,General,,There are some things you have to do whether you like it or not,0,"Denies responsibility - attributes cause to vague, impersonal force",p45,
General,General,,I cleaned my room because I had to,0,"Denies responsibility - attributes cause to vague, impersonal force",p44,
General,General,,I drink because I am an alcoholic,0,"Denies responsibility - attributes cause to condition, diagnosis, personal or psychological history",p44,
General,General,,I hit my child because he ran into the street,0,Denies responsibility - attributes cause to actions of others,p45,
General,General,,I lied to the client because the boss told me to,0,Denies responsibility - attributes cause to dictates of authority,p45,
General,General,,I started smoking because all my friends did,0,Denies responsibility - attributes cause to group pressure,p45,
General,General,,I have to suspend you for this because it's school policy,0,"Denies responsibility - attributes cause to institutional policies, rules, and regulations",p45,
General,General,,"I hate going to work, but I do it because I am a husband and a father",0,"Denies responsibility - attributes cause to gender roles, social roles, or age roles",p44,
General,General,,I was overcome by my urge to eat the candy bar,0,Denies responsibility - attributes cause to uncontrollable impulses,p44,
General,General,,I have to go home and cook,0,"Denies responsibility - attributes cause to vague, impersonal force",p44,
General,General,,I hate giving grades - I don't think they are helpful and they create anxiety.  But I have to - it's district policy,0,Denies responsibility - attributes cause to dictates of authority,p45,
General,General,,fuck you,0,,p44,
General,General,,fuck off,0,,p44,
General,General,,you are a dick,0,,p45,
General,General,,you are an asshole,0,,p44,
General,General,,you are a bitch,0,,p45,
General,General,,you are a cunt,0,,p44,
General,General,,you are a dick,0,,p45,
General,General,,you are a jerk,0,,p44,
General,General,,they fought me and lost so badly they just don't know what to do,0,,p44,
General,General,,congrats on having a crush on Putin's puppet,0,,p44,
General,General,,they don't have a clue,0,,p45,
General,General,,He totally gets it,0,,p45,
General,General,,I always knew he was very smart,0,,p45,
General,General,,you suck,0,,p44,
General,General,,My partner wants more attention than I'm giving her,1,Nice!,p45,
General,General,,I want more affection than my partner is giving,1,Nice!,p45,
General,General,,I am more concerned about details than you,1,Nice!,p45,
General,General,,I choose to give grades because I want to keep my job,1,Nice!,p44,
General,General,,many blessings to you all,1,,p45,
General,General,,looking forward to a wonderful year,1,,p44,
General,General,,thank you,1,,p44,
General,General,,I love you,1,,p45,
Need,Need,,I have a need to know that you are responsible and honest,0,No naming one's own need,p45,
Need,Need,,I need to express my need without hurting you,0,Cannot control the reaction of another,p44,
Need,Need,,I have a need for you to love me,0,Not general enough; sounds like a demand,p45,
Need,Need,,I have a need for your protection,1,Need,p44,
Need,Need,,I need to be seen and heard as who I truly am,1,Need,p45,
Need,Need,,I have a need for peace,1,Need,p44,
Need,Need,,I have a need for certain aesthetics,1,Need,p45,
Need,Need,,Because I need to feel safe in my work environment,1,Need,p45,
Need,Need,,I need to feel respect and acknowledgement,1,Need,p45,
Need,Need,,I have a need for predictability,1,Need,p45,
Need,Need,,I have a need for privacy,1,Need,p45,
Need,Need,,I have a need to honor his life,1,Need,p45,
Need,Need,,I have a need to have communicate with others that is open,1,Need,p44,
Need,Need,,I have a need to be heard,1,Need,p45,
Need,Need,,I have a need to be understood,1,Need,p44,
Need,Need,,I have a need to love,1,Need,p45,
Needs,Needs,,the problem is that these people are racist,0,Analyzes perceived wrongness of others rather than expressing own needs,p44,
Needs,Needs,,the problem is that these people don't respect the law,0,Analyzes perceived wrongness of others rather than expressing own needs,p44,
Needs,Needs,,you people are acting like a bunch of Nazis,0,Analyzes or blames others rather than expressing own needs,p44,
Needs,Needs,,that was a totally insenstive thing for you to say,0,Analyzes or blames others rather than expressing own needs,p45,
Needs,Needs,,"I haven't had a moment to myself all day, so how about if you…?",0,Better to directly express the need - I need some time to myself,p45,
Needs,Needs,,"I had a busy day and feel tired, so how about if you…?",0,Better to directly express the need - I need some time to myself,p44,
Needs,Needs,,my partner is so needy and dependent it's really stressing our our relationship,0,Blames partner,p44,
Needs,Needs,,I feel frustrated when you come late,0,Fails to express need underlying the feeling,p45,
Needs,Needs,,I feel disappointed because you said you would do it and you didn't,0,Fails to express need underlying the feeling,p45,
Needs,Needs,,little things people say sometimes hurt me,0,Fails to express needs and thoughts underlying the feeling,p44,
Needs,Needs,,I feel happy what you received that award,0,Fails to express needs and thoughts underlying the feeling,p44,
Needs,Needs,,I feel scared when you raise your voice,0,Fails to express needs and thoughts underlying the feeling,p44,
Needs,Needs,,"I am needing more respect in our dialogue.  Instead of telling us how you think we are acting, would you tell us what it is we are doing that you find disturbing?",1,Expresses need and makes a request,p45,
Needs,Needs,,I feel frustrated when you come late because I was hoping we'd be able to get front-row seats,1,Expresses need underlying the feeling,p45,
Needs,Needs,,"When you said you'd do it and then didn't, I felt disappointed because I want to be able to rely on your words",1,Expresses needs and thoughts underlying feelings,p44,
Needs,Needs,,"Sometimes when people say little things, I feel hurt because I want to be appreciated, not criticized",1,Expresses needs and thoughts underlying feelings,p44,
Needs,Needs,,"When you received that award, I felt happy because I was hoping you'd be recognized for all the work you'd put into the project",1,Expresses needs and thoughts underlying feelings,p45,
Needs,Needs,,"When you raise your voice, I feel scared because I'm telling myself someone might get hurt here, and I need to know that we're all safe",1,Expresses needs and thoughts underlying feelings,p44,
Observation,Observation,,Hamilton cast lectures Pence,0,Lecture is an evaluation  Instead indicate what the Hamilton cast said…,p44,
Observation,Observation,,He has a big mouth,0,This is an evaluation,p45,
Observation,Observation,,He talks too much,0,This is an evaluation,p45,
Observation,Observation,,He thinks he's the only one with something worth sharing,0,This is an evaluation,p45,
Observation,Observation,,He wants to be the center of attention all the time,0,This is an evaluation,p44,
Observation,Observation,,My dad blames my wife for my problems,0,Dad might not see it as blaming…,p44,
Observation,Observation,,My dad makes harsh judgements,0,"""Harsh"" is an evaluation",p45,
Observation,Observation,,My dad uses insulting words,0,"""insulting"" is an evaluation; what did dad actually say?",p45,
Observation,Observation,,My brother yells at me,0,"""Yells"" is an evaluation",p44,
Observation,Observation,,He gets angry at me,0,His anger is his own and he's making a judgment of you when he feels anger,p45,
Observation,Observation,,Jesse refuses to do his work,0,Evaluation,p45,
Observation,Observation,,A student incessantly talks loud,0,Evaluation; hyperbole because no one can speak incessantly,p45,
Observation,Observation,,He won't stay seated,0,Because I said so…,p44,
Observation,Observation,,She's lazy,0,Implies wrongness or badness; maybe she sees herself as tired or easy-going!,p44,
Observation,Observation,,He's a stupid kid,0,Implies wrongness or badness,p45,
Observation,Observation,,He has a big mouth!,0,Implies wrongness or badness,p45,
Observation,Observation,,The principal talks too much,0,Implies wrongness or badness,p45,
Observation,Observation,,He thinks only he has anything worth saying,0,Infers what another person is thinking,p44,
Observation,Observation,,He wants to be the center of attention all the time,0,Infers what another person is thinking,,
Observation,Observation,,You are too generous,0,Includes evaluation,,
Observation,Observation,,Doug procrastinates,0,Evaluative connotations,,
Observation,Observation,,She won't get her work in,0,Evaluative and implies / assumes rightness in that evaluation,,
Observation,Observation,,"If you don't eat balanced meals, your health will be impaired",0,Evaluative and confused prediction with certainty,,
Observation,Observation,,Minorities don't take care of their property,0,Vague,,
Observation,Observation,,Hank Smith is a poor soccer player,0,Denotes ability without indicating an evaluation is being made,,
Observation,Observation,,Jim is ugly,0,Use of adverb or adjective in ways that do not signify an evaluation has been made,,
Observation,Observation,,You are always busy,0,Mixed observation and evaluation; always exaggerates…,,
Observation,Observation,,She is never there when she's needed,0,Mixed observation and evaluation; never exaggerates…,,
Observation,Observation,,You seldom do what I want,0,Evaluation; seldom confuses observation and evaluation,,
Observation,Observation,,He frequently comes over,0,Evaluation; frequently confuses observation and evaluation,,
Observation,Observation,,You're the most arrogant speaker we've ever had,0,Evaluation,,
Observation,Observation,,John was angry with me yesterday for no reason,0,"""For no reason"" is an evaluation; also it is an evaluation to infer that John was angry",,
Observation,Observation,,My father is a good man,0,"""Good man"" is an evaluation!",,
Observation,Observation,,Janice works too much,0,"""Too much""  is an evaluation",,
Observation,Observation,,Henry is aggressive,0,Aggressive is an evaluation,,
Observation,Observation,,My son often doesn't brush his teeth,0,Often is an evaluation,,
Observation,Observation,,My aunt complains when I talk with her,0,Complains is an evaluation,,
Observation,Observation,,He talked about war experiences instead of sticking to the agenda,1,This is an observation!,,
Observation,Observation,,My father says my wife is responsible for my problems,1,OK - this is an observation,,
Observation,Observation,,Lately my son is not doing his history homework,1,OK - this is observable…,,
Observation,Observation,,My brother raises his voice,1,An observation way of saying someone is speaking loudly,,
Observation,Observation,,Jesse says no I don't want to do it,1,Observation; simply repeating what Jesse said,,
Observation,Observation,,My husband doesn't tell me things that will affect me deeply,1,Observation indicating a pattern of communication,,
Observation,Observation,,He talks louder than I would like,1,Observation; owning your reaction,,
Observation,Observation,,He doesn't stay seated when I ask him to,1,Because I said so…,,
Observation,Observation,,He sleeps between lunch and dinner,1,Observation!,,
Observation,Observation,,He never ran while I watched him,1,Observation!,,
Observation,Observation,,He did some things I didn't understand,1,Observation!,,
Observation,Observation,,He did some things in ways I hadn't planned,1,Observation!,,
Observation,Observation,,"The principal told stories about his childhood during meetings, which led to meetings running 20 minutes overtime",1,Observation!,,
Observation,Observation,,When I see you give all your lunch money to others I think you are being too generous,1,Observation!,,
Observation,Observation,,Doug only studies for exams the night before,1,Observation!,,
Observation,Observation,,"If you don't eat balanced meals, I fear that your health my be impaired",1,Observation with  feeling!,,
Observation,Observation,,I have not seen the minority family across the street shovel snow on their sidewalk,1,Observation!,,
Observation,Observation,,Hank Smith has not scored a goal in 20 games,1,Observation!,,
Observation,Observation,,Jim's looks don't appeal to me,1,Observation!,,
Observation,Observation,,"Whenever I have observed Jack on the phone, he has spoken for at least 30 minutes",1,Observation!,,
Observation,Observation,,I cannot recall your ever writing to me,1,Observation!,,
Observation,Observation,,"The last three times I initiated an activity, you said you didn't want to do it",1,Observation!,,
Observation,Observation,,He comes over at least three times a week,1,Observation!,,
Observation,Observation,,John told me he was angry,1,Observation!,,
Observation,Observation,,John pounded his fist on the table,1,Observation!,,
Observation,Observation,,Yesterday evening Nancy bit her fingernails while watching television,1,Observation!,,
Observation,Observation,,Sam didn't ask for my opinion during the meeting,1,Observation!,,
Observation,Observation,,For the last 25 years my father has given one tenth of his salary to charity,1,Observation!,,
Observation,Observation,,Janice spent over 60 hours at the office this week,1,Observation!,,
Observation,Observation,,Henry hit his sister when she switched the television channel,1,Observation!,,
Observation,Observation,,Pam was first in line every day this week,1,Observation!,,
Observation,Observation,,Twice this week my son didn't brush his teeth before bed,1,Observation!,,
Observation,Observation,,Luke told me I didn't look good in yellow,1,Observation!,,
Observation,Observation,,"My aunt called me three times this week, and each time talked about people who treated her in ways she didn't like",1,Observation!,,
Request,Request,,Do you love me?,0,Yes/no question; not a request,,
Request,Request,,I want you to understand me,0,"""Understand"" is not specific enough; instead say ""tell me what you heard me say""",,
Request,Request,,I'd like you to feel more confidence in yourself,0,"Not specific enough; could say ""I'd like you to take a course in assertiveness training…""",,
Request,Request,,I want you to stop drinking,0,Saying what he/she doesn't want instead of what he/she wants,,
Request,Request,,I'd like you to let me be me,0,"Not specific enough; could say ""I want you to tell me you won't leave our relationship""",,
Request,Request,,I'd like you to be honest with me about yesterday's meeting,0,"No specific enough; could say ""I want you to tell me how you feel about what I did""",,
Request,Request,,I'd like to get to know you better,0,"Not specific enough; could say ""I'd like you to tell me if you would be willing to meet for lunch once a week""",,
Request,Request,,I would like you to show respect for my privacy,0,"Not specific enough; could say ""I'd like you to agree to knock before you enter my office""",,
Request,Request,,I'd like you to prepare supper more often,0,"Not specific enough; could say ""I'd like you to prepare supper every Monday""",,
Request,Request,,Are you using the word love as a feeling?,1,Because I said so…,,
Request,Request,,Could you tell  me what you want me to do to meet your need for love,1,Request,,
Request,Request,,I'd like you to tell me one thing that I did that you appreciate,1,Request,,
Request,Request,,I would like you to drive at or below the speed limit,1,Request,,
Responsibility,Responsibility,,you disappointed me by not coming over last evening,0,Attributes responsibility for the disappointment soley to the action of the other person,,
Responsibility,Responsibility,,Their cancelling the contract really irritated me,0,Attributes irritation soley to the behavior of the other party,,
Responsibility,Responsibility,,It hurts Mommy and Daddy when you get poor grades at school,0,Implies child's actions are the cause of the parents' happiness or unhappiness,,
Responsibility,Responsibility,,It really infuriates me when spelling mistakes appear in our public brochures,0,"Impersonal pronouns such as ""it"" mask accountability for our own feelings",,
Responsibility,Responsibility,,That bugs me a lot,0,"Impersonal pronouns such as ""that"" mask accountability for our own feelings",,
Responsibility,Responsibility,,"When you don't call me on my birthday, I feel hurt",0,Statements that mention only the actions of others may mask accountability for our own feelings,,
Responsibility,Responsibility,,Mommy is disappointed when you don't finishe your food,0,Statements that mention only the actions of others may mask accountability for our own feelings,,
Responsibility,Responsibility,,I feel hurt because you said you don't love me,0,"Use of expression ""I feel (emotion) because…"" followed by a person or pronoun other than ""I"" may mask accountability for own feelings",,
Responsibility,Responsibility,,I feel angry because the supervisor broke her promise,0,"Use of expression ""I feel (emotion) because…"" followed by a person or pronoun other than ""I"" may mask accountability for own feelings",,
Responsibility,Responsibility,,you never understand me,0,Judgment of others; really tells us that their need to be understood is not being fulfilled,,
Responsibility,Responsibility,,you love your work more that you love me,0,Judgment of others; really saying need for intimacy is not being met,,
Responsibility,Responsibility,,you irritate me when you leave company documents on the conference room floor,0,Implies other person's behavior is responsible for speaker's feelings,,
Responsibility,Responsibility,,I was disappointed when you didn't come over because I wanted to talk over some things that were bothering me,1,The feeling of disappointment is traced to the speaker's own desire that was not being fulfilled,,
Responsibility,Responsibility,,"When they cancelled the contract, I felt really irritated because I was thinking to myself that it was an awfully irresponsible thing to do",1,Accepts responsibility for feeling by acknowledging the thought behind it,,
Responsibility,Responsibility,,"When they cancelled the contract, I felt really irritated because I was hoping for an opportunity to re-hire the workers we laid off last year",1,Accepts responsibility for feeling and connects it to the need or desire,,
Responsibility,Responsibility,,I feel really infuriated when spelling mistakes like that appear in our public brochures because I want our company to project a professional image,1,Connects feeling to need and acknowledges own responsibility ,,
Responsibility,Responsibility,,"I feels disappointed when you don't finish your food, because I want you to grow up strong and healthy",1,Connects feeling to need and acknowledges own responsibility ,,
Responsibility,Responsibility,,"I feel angry that the supervisor broke her promise, because I was counting on getting that long weekend to visit my brother",1,Connects feeling to need and acknowledges own responsibility ,,
Responsibility,Responsibility,,I'm irritated when you leave company documents on the conference room floor because I want our documents to be safely stored and accessible,1,Expresses feeling and links to need,,
Responsibility,Responsibility,,I feel angry when you say that because I am wanting respect and I hear your words as an insult,1,Acknowledges responsibility for feelings,,
Responsibility,Responsibility,,I'm sad that you won't be coming for dinner because I was hoping we could spend the evening together,1,Acknowledges responsibility for feelings,,
Responsibility,Responsibility,,I'm discouraged because I would have liked to have progressed further in my work by now,1,Acknowledges responsibility for feelings,,
Responsibility,Responsibility,,I am grateful that you offered me a ride because I was needing to get home before my children,1,Acknowledges responsibility for feelings,,
